<?xml version="1.0" encoding="utf-8" ?>
<dwsync>
<file name="header.php" server="webdesign4.georgianc.on.ca/public_html/" local="130101767148020537" remote="130106956800000000" Dst="2" />
<file name="navmenu.php" server="webdesign4.georgianc.on.ca/public_html/" local="130095249285850048" remote="130106956800000000" Dst="2" />
<file name="startsession.php" server="webdesign4.georgianc.on.ca/public_html/" local="130090823521093720" remote="130090967400000000" Dst="2" />
<file name="footer.php" server="webdesign4.georgianc.on.ca/public_html/" local="130090817025108102" remote="130090967400000000" Dst="2" />
<file name="style.css" server="webdesign4.georgianc.on.ca/public_html/" local="130106859936154411" remote="130107003600000000" Dst="2" />
<file name="TESTS.php" server="webdesign4.georgianc.on.ca/public_html/" local="130106987604630446" remote="130107131400000000" Dst="2" />
<file name="connectvars.php" server="webdesign4.georgianc.on.ca/public_html/" local="130094945678630151" remote="130106956800000000" Dst="2" />
<file name="verify.php" server="webdesign4.georgianc.on.ca/public_html/" local="130106930840325982" remote="130107074400000000" Dst="2" />
</dwsync>