<?xml version="1.0" encoding="utf-8" ?>
<dwsync>
<file name="header.php" server="webdesign4.georgianc.on.ca/public_html/" local="130101767140000000" remote="130106347800000000" Dst="2" />
<file name="navmenu.php" server="webdesign4.georgianc.on.ca/public_html/" local="130095249280000000" remote="130106347800000000" Dst="2" />
<file name="startsession.php" server="webdesign4.georgianc.on.ca/public_html/" local="130090823520000000" remote="130090967400000000" Dst="2" />
<file name="footer.php" server="webdesign4.georgianc.on.ca/public_html/" local="130090817020000000" remote="130090967400000000" Dst="2" />
<file name="style.css" server="webdesign4.georgianc.on.ca/public_html/" local="130093073728121533" remote="130093217400000000" Dst="2" />
<file name="TESTS.php" server="webdesign4.georgianc.on.ca/public_html/" local="130096032210000000" remote="130106369400000000" Dst="2" />
<file name="connectvars.php" server="webdesign4.georgianc.on.ca/public_html/" local="130094945670000000" remote="130106347800000000" Dst="2" />
<file name="verify.php" server="webdesign4.georgianc.on.ca/public_html/" local="130106225985382888" remote="130106370000000000" Dst="2" />
</dwsync>