<?xml version="1.0" encoding="utf-8" ?>
<dwsync>
<file name="0.jpg" server="webdesign4.georgianc.on.ca/public_html/" local="130105166086651658" remote="130106958000000000" Dst="2" />
<file name="2.jpg" server="webdesign4.georgianc.on.ca/public_html/" local="130105166854769290" remote="130106958000000000" Dst="2" />
<file name="1.jpg" server="webdesign4.georgianc.on.ca/public_html/" local="130105166652373568" remote="130106958000000000" Dst="2" />
<file name="3.jpg" server="webdesign4.georgianc.on.ca/public_html/" local="130105167027471242" remote="130106958000000000" Dst="2" />
<file name="4.jpg" server="webdesign4.georgianc.on.ca/public_html/" local="130105167234297540" remote="130106958000000000" Dst="2" />
<file name="5.jpg" server="webdesign4.georgianc.on.ca/public_html/" local="130105167487469709" remote="130106958000000000" Dst="2" />
<file name="6.jpg" server="webdesign4.georgianc.on.ca/public_html/" local="130105167640739197" remote="130106958000000000" Dst="2" />
<file name="7.jpg" server="webdesign4.georgianc.on.ca/public_html/" local="130105167816091478" remote="130106958000000000" Dst="2" />
<file name="8.jpg" server="webdesign4.georgianc.on.ca/public_html/" local="130105167979992297" remote="130106958000000000" Dst="2" />
<file name="12.jpg" server="webdesign4.georgianc.on.ca/public_html/" local="130106821320676588" remote="130106965200000000" Dst="2" />
<file name="11.jpg" server="webdesign4.georgianc.on.ca/public_html/" local="130106820662852980" remote="130106965200000000" Dst="2" />
<file name="9.jpg" server="webdesign4.georgianc.on.ca/public_html/" local="130105168166646023" remote="130106965800000000" Dst="2" />
<file name="10.jpg" server="webdesign4.georgianc.on.ca/public_html/" local="130106820157728779" remote="130106966400000000" Dst="2" />
<file name="13.jpg" server="webdesign4.georgianc.on.ca/public_html/" local="130106825053280983" remote="130106984400000000" Dst="2" />
<file name="14.jpg" server="webdesign4.georgianc.on.ca/public_html/" local="130106829727815086" remote="130106984400000000" Dst="2" />
</dwsync>